permalink,title,meta-description,meta-keywords,h1,h2,nagivation,template
index,Learn how to use NMemory with Tutorials & Examples using C# syntax.,Learn how to use NMemory with Tutorials & Examples using C# syntax.,,,,,full
/404.html,Page Moved,Page Moved,,Page Moved,,,container-h1
download,Download,Download,,Download,,no,full-h1
contact-us,Contact Us,Contact Us,,Contact Us,,no,full-h1
tutorials,Tutorials,Tutorials,,Tutorials,,,container-h1
overview,Overview,Overview,,Overview,,,
create-database,Create Database,Create Database,,Create Database,,,
create-table,Create Table,Create Table,,Create Table,,,
create-relation,Create Relation,Create Relation,,Create Relation,,,
insert-data,Insert Data,Insert Data,,Insert Data,,,
query-data,Query Data,Query Data,,Query Data,,,
update-data,Update Data,Update Data,,Update Data,,,
delete-data,Delete Data,Delete Data,,Delete Data,,,
cascaded-operation,Cascaded Operation,Cascaded Operation,,Cascaded Operation,,,
constraints,Constraints,Constraints,,Constraints,,,
stored-procedures,Stored Procedures,Stored Procedures,,Stored Procedures,,,
transaction,Transaction,Transaction,,Transaction,,,
visitors,Visitors,Visitors,,Visitors,,,
installing,Installing,Installing,,Installing,,,
upgrading,Upgrading,Upgrading,,Upgrading,,,
api,API,API,,API,,,
faq,FAQ,FAQ,,FAQ,,,
issue-tracker,Issue Tracker,Issue Tracker,,Issue Tracker,,,
faq-general,FAQ - General,FAQ - General,,FAQ - General,,,
faq-installation,FAQ - Installation,FAQ - Installation,,FAQ - Installation,,,
problems,Problems,Problems,,Problems,,,